paper,category,subcategory,difficulty,difficulty_rationale,secondary_categories,original_snippet,modified_snippet,description
1,statistical_errors,test_parameter_error,2,CI width vs SE check requires computation,,"than RWA (B = -.02, SD = .01, p = .001, 95% CI [-.03, -.01])","than RWA (B = -.02, SD = .01, p = .001, 95% CI [-.05, -.01])","Widened RWA confidence interval lower bound from -.03 to -.05, making RWA effect appear to overlap more with SDO — undermines core claim of differential prediction"
1,methodological_design,measurement_invariance_removed,3,Must know measurement invariance is prerequisite for longitudinal SEM,,"We started by constraining the factor loadings of our latent variables to equality so that, for each factor, the individual items that make up the factor were set to be equal across time points. For example, item 1 in the SDO scale was set to equality across all five time points, as was item 2, and ...","We started by constraining the cross-lagged associations between the constructs to be the same in each measurement point. We also constrained to equality the residual variance for the same item over time, so item 1 in the SDO scale had equal residual variance across all time points.","Removed metric and scalar invariance testing (equal factor loadings and intercepts) — without these, latent constructs could mean different things at different time points, making cross-lagged comparisons meaningless"
1,construct_validity,measure_construct_mismatch,2,Discussion interprets 'willingness to sacrifice' but DV now measures concern — mismatch visible across sections,,"Environmentalism was measured as individual's willingness to make sacrifices for the environment. These items were modelled from Liu and Sibley's [28] two items on sacrifice intentions, ""Are you willing to change your daily routine in order to protect the environment?"" and ""Are you willing to make s...","Environmentalism was measured using items assessing participants' concern about environmental problems. These items were modelled from Liu and Sibley's [28] environmental concern scale, ""How concerned are you about the current state of the natural environment?"" and ""To what extent do you think envir...",Replaced behavioral intention DV (willingness to sacrifice) with attitude measure (environmental concern) — paper's theoretical contribution about ideology predicting behavioral willingness is now unsupported by the DV
1,causal_inference,autoregressive_paths_removed,3,Must know autoregressive paths are essential for CLPM causal inference,,"As shown in Figure 1, across all time points, the autoregressive path for willingness to sacrifice was strong (B = .83, SD = .01, p < .001, 95% CI [.82, .84]), indicating that an individuals’ level of willingness to make sacrifices for the environment is relatively stable over time. Consistent with ...","As shown in Figure 1, across all time points, SDO, RWA, and willingness to sacrifice were all relatively stable over time, consistent with our prediction that these variables remain largely unchanged over the study period.","Removed autoregressive path coefficients — these control for prior levels in CLPM, essential for interpreting cross-lagged paths as predicting change"
1,internal_consistency,model_results_contradiction,1,Non-significant chi-square test directly contradicts 'statistically stronger' conclusion in same sentence,,"We found that our original model provides significantly better fit to the data 2(1) = 50.98, p < .001, and thus conclude that SDO is a statistically stronger predictor of change in willingness to sacrifice for the environment than RWA in our sample.","We found that our original model provides comparable fit to the data 2(1) = 2.34, p = .126, but based on the pattern of unstandardized coefficients we interpret SDO as a stronger predictor of change in willingness to sacrifice for the environment than RWA in our sample.","Changed chi-square from significant (50.98, p<.001) to non-significant (2.34, p=.126) — formal test now says SDO and RWA effects are NOT different, but text still claims SDO is stronger"
1,reporting_completeness,model_specification_removed,2,"Missing latent variable spec, cross-lagged structure, and missing data method — experienced SEM user would notice",,"We used cross-lagged path analysis to infer causal associations between SDO, RWA and willingness to sacrifice for the environment. The model thus included three latent variables across five measurement points, where each variable within a time point was set to predict each variable in the subsequent...","We used path analysis to examine associations between SDO, RWA and willingness to sacrifice for the environment. The model included three variables across five measurement points and was conducted in Mplus (version 7.3 [29]). A copy of the Mplus syntax used will be available on the NZAVS website upo...","Removed: latent variable specification, cross-lagged structure, FIML for missing data — reader cannot evaluate measurement model, model type, or missing data handling"
1,generalizability,sample_description_changed,2,Student sample contradicts paper's own discussion about sample-type moderation,,"We used data from the New Zealand Attitudes and Values Study [26], a nationally representative, longitudinal study of personality, social attitudes, and health outcomes. This study uses data from individuals who participated in the first five years of the project (from 2009 to 2013). Of the 22,974 p...","We recruited participants through the introductory psychology participant pool at Victoria University of Wellington. This study uses data from individuals who participated across five semesters of the project (from 2009 to 2013). Of the 374 participants included in this study, the average age was 19...",Changed nationally representative sample (N=22974) to convenience student sample (N=374) — paper's own discussion explains SDO-environment link is weaker in student samples
1,theoretical_conceptual,theoretical_framework_misattributed,2,SDT vs Duckitt's dual-process model — must know these are different frameworks,,"Duckitt’s [3] dual-process model proposes that SDO and RWA are separate but interrelated, and together predict attitudes towards different social groups.","Sidanius and Pratto’s [1] social dominance theory proposes that SDO and RWA are separate but interrelated, and together predict attitudes towards different social groups.",Replaced Duckitt's dual-process model (explains BOTH SDO and RWA via different worldviews) with SDT (focuses on SDO/hierarchy only) — SDT alone doesn't predict RWA effects
1,analytic_flexibility,analysis_specification_changed,1,Claims standardized parameters but reports single time-invariant values — contradicts how standardized estimates work,,"We present unstandardized parameters, which are invariant over time due to the constraints placed on the model. The standardized estimates, which do vary across time points, are included in the Supplementary Materials (Table S1). Because of the large sample size of this dataset, we adopted a conserv...","We present standardized parameters, which vary across time points due to differences in observed variances. Because of the large sample size of this dataset, we adopted a significance threshold of p < .05 to indicate significance of findings.",Switched from unstandardized (time-invariant) to standardized (time-varying) parameters — creates inconsistency with single reported coefficients; relaxed alpha from .01 to .05 removing large-N safeguard
1,attrition_missing_data,missing_data_handling_changed,2,Listwise deletion in 5-wave panel — methodologically inappropriate but requires knowing FIML is standard,,Missing data were imputed using FIML.,Analyses were conducted using listwise deletion.,"Changed FIML to listwise deletion — in 5-wave panel study, listwise deletion would dramatically reduce N and produce biased estimates if dropout is non-random"
2,statistical_errors,effect_size_misreported,2,d=0.23 is now smaller than the d=-0.36 used in power analysis — must cross-reference,,"In Study 3, the effect of implicitly activating the analytical thinking mechanism on donation was d = 0.55, 95% CI [0.23, 0.86], regarded as a medium effect similar to Study 1.","In Study 3, the effect of implicitly activating the analytical thinking mechanism on donation was d = 0.23, 95% CI [0.01, 0.45], regarded as a small effect.",Changed Study 3 d from 0.55 to 0.23 — makes power analysis based on d=-0.36 no longer the most conservative estimate; study may be underpowered for this smaller effect
2,methodological_design,design_type_changed,1,Within-subjects impossible for learning manipulation; df in ANOVA tables inconsistent,,We embedded Studies 1 and 3 of Small et al. (2007) into a single between-subject design with identifiability and intervention as the independent variables;,We embedded Studies 1 and 3 of Small et al. (2007) into a single within-subject design with identifiability and intervention as the independent variables;,Changed between-subjects to within-subjects — impossible for this intervention (learning about IVE permanently changes cognition); df in ANOVA tables are inconsistent with within-subjects
2,construct_validity,affect_measures_replaced,2,Cognitive evaluations measured but paper discusses 'affective feelings' throughout — cross-section mismatch,,"After the donation, they had to fill up a questionnaire for different affective reactions they experienced which may influence their choice of donation. These items included the feeling of being upset, being touched, being sympathetic, moral responsibility, and the appropriateness of donation to hel...","After the donation, they had to fill up a questionnaire for different cognitive evaluations they experienced which may influence their choice of donation. These items included beliefs about the severity of the crisis, the perceived trustworthiness of the charity, the expected accountability of funds...",Replaced affective measures with cognitive evaluations — IVE theory is explicitly affect-driven (affect heuristic); cognitive measures can't test the proposed emotional mechanism
2,causal_inference,random_assignment_removed,2,Self-selection into conditions visible but subtle — 'selected their preferred' reads naturally,,Participants will be assigned randomly to the intervention and identifiability conditions.,Participants selected their preferred intervention and identifiability conditions.,Replaced random assignment with self-selection — eliminates internal validity; empathetic people may choose identifiable victim condition
2,internal_consistency,effect_direction_reversed,1,Statistical victims donate MORE contradicts the identifiable victim effect being replicated,,"meaning that participants who faced an identifiable victim (M=2.54, SD=1.76) tended to donate more than those who faced the statistical victims (M=2.24, SD=1.67).","meaning that participants who faced a statistical victim (M=2.54, SD=1.76) tended to donate more than those who faced the identifiable victims (M=2.24, SD=1.67).","Reversed which condition has higher donations — IVE is now reversed (statistical > identifiable), contradicting the phenomenon being replicated and Table 11 descriptives"
2,reporting_completeness,power_analysis_removed,3,Power analysis details absent — must independently expect specific parameters for a replication,,"To obtain the minimal sample size required for this study, a power analysis was conducted using Gpower with a power of 0.95 and an alpha of .05. Given the smallest effect size regarding the effect of intervention (learning identifiable victim effect or not) on donation was found in the original stud...","The sample size for this study was determined to ensure adequate statistical power for detecting the effects reported in the original study. The full report of power analysis can be found in the supplementary under the section of ""Power analysis of the original study effect"".","Removed specific power parameters (power=.95, alpha=.05, d=-.36, N=314) — reader cannot evaluate power adequacy or whether target effect size is appropriate"
2,generalizability,exclusion_criteria_added,1,Says 'no exclusion' then lists exclusions — direct contradiction,,There was no exclusion of samples in this study.,"Participants who indicated they had prior knowledge of the identifiable victim effect were excluded, as well as those who failed the attention check.",Added non-preregistered exclusions — prior-knowledge exclusion biases toward IVE-naive participants; contradicts 'no exclusion' claim earlier
2,theoretical_conceptual,mechanism_replaced,2,Availability vs affect heuristic — must know these are different mechanisms with different predictions,,"Another reason to explain the identifiable victim effect is attributed to different psychological reasoning mechanisms in making judgments. The automatic ""affect heuristic""  (Slovic, Finucane, Peters, & MacGregor, 2007), which relies on emotional arousal for decision making, is believed to be activa...","Another reason to explain the identifiable victim effect is attributed to different psychological reasoning mechanisms in making judgments. The ""availability heuristic""  (Tversky & Kahneman, 1973), which relies on the ease of retrieving relevant instances from memory, is believed to be activated whe...",Replaced affect heuristic (emotional arousal) with availability heuristic (memory retrieval) — changes the theoretical mechanism; intervention design and feeling measures no longer match the theory
2,analytic_flexibility,preregistration_removed,3,Pre-registration absent — must independently expect it for a replication study,,"We first pre-registered the experiment on the Open Science Framework (OSF) and data collection was launched later that week. Pre-registrations, power analyses, and all materials used in these experiments are available in the supplementary materials. OSF pre-registration review:.",Data collection for the experiment was launched at the start of the study period. Power analyses and all materials used in these experiments are available in the supplementary materials.,Removed pre-registration on OSF — eliminates the constraint on analytic flexibility that gives replication studies credibility
2,attrition_missing_data,transparency_statement_removed,3,21-word solution removed — must know Simmons et al disclosure norms,,"Full open-science details and disclosures are provided in the supplementary. All measures, manipulations, exclusions conducted for this investigation are reported, all studies were pre-registered with power analyses reported in the supplementary, and data collection was completed before analyses.","Full open-science details and disclosures are provided in the supplementary. All measures and manipulations conducted for this investigation are reported, and data collection was completed before analyses.",Removed 21-word solution disclosure (Simmons et al 2012): 'exclusions...reported' and pre-registration claim — hides whether unreported exclusions or measures exist
3,statistical_errors,confidence_interval_changed,2,CI lower bound inconsistent with later HPDI values — requires cross-referencing within paragraph,,"while participants’ understanding did not (Generation 95% CI: (-0.34, 0.25), mean = -0.04, Figure 2.B).","while participants’ understanding did not (Generation 95% CI: (-0.54, 0.25), mean = -0.04, Figure 2.B).","Widened CI lower bound from -0.34 to -0.54 — inconsistent with later-reported HPDI values, changes precision of null result"
3,methodological_design,procedure_order_changed,2,Theory before vs after test — must understand generation effect confound,,Participants were asked to write their theory after the test phase was completed.,Participants were asked to write their theory before the test phase was completed.,"Changed theory-writing from after to before test — act of generating theory could inflate understanding scores in Theory condition (generation effect), confounding the understanding measure"
3,construct_validity,understanding_measure_changed,2,Absolute estimation vs comparative judgment — must know these tap different constructs,,"Participants’ understanding was evaluated by presenting them with pairs of wheels that differed in their configurations, and asking them to predict which wheel would reach the bottom of the rails first.","Participants’ understanding was evaluated by presenting them with pairs of wheels that differed in their configurations, and asking them to estimate how long each wheel would take to reach the bottom of the rails.","Changed from comparative judgment (which wheel first) to absolute estimation (how long) — measures different construct; absolute timing requires calibrated knowledge, not relative understanding"
3,causal_inference,information_constraint_removed,2,All-previous vs last-two configurations — must understand information parity in transmission chain designs,,Participants could consult their two last configurations between any trials.,Participants could consult all of their previous configurations between any trials.,"Changed from last-two to all-previous configurations — breaks information parity with between-generation transmission, confounding cumulative cultural learning with individual data accumulation"
3,internal_consistency,coder_count_changed,2,3 coders but kappa values may not match — requires checking inter-rater reliability math,,5 individuals blind to the research question were explained the dynamics of the wheel,3 individuals blind to the research question were explained the dynamics of the wheel,Changed blind coders from 5 to 3 — undermines reliability of theory coding; reported kappa values may not match 3-rater computation
3,reporting_completeness,robustness_check_removed,3,MCMC convergence issues and robustness checks absent — must know to expect these for Bayesian models,,"For this model, the chains were inefficient and the effective number of samples for one parameter was low (see Supplementary Table 3). The robustness of the model estimates was checked by running additional models (see below). Additional models with more efficient sampling confirmed the reported res...",,Deleted MCMC convergence warning AND robustness checks — hides computational problems with primary model and the verification that alternative specifications confirmed results
3,generalizability,mixed_gender_overclaim,3,Creates internal contradiction detectable within the paper,,These results are consistent with the view that individuals do not spontaneously create multidimensional representations of object motion 15.,"These results are consistent with the view that individuals do not spontaneously create multidimensional representations of object motion 15. These findings generalize beyond the single-sex chain compositions used here, suggesting cultural transmission operates similarly in mixed-gender collaborativ",Added mixed-gender generalizability claim when methods state chains were 'exclusively males or exclusively females' — visible contradiction with design
3,theoretical_conceptual,hypothesis_mischaracterized,1,'Well-understood' directly contradicts next sentence about 'absence of explicit understanding',,"The cultural niche hypothesis suggests that complex technologies like bows result from the accumulation of many, mostly small, often poorly understood improvements made across generations linked by cultural transmission 1,9,14.","The cultural niche hypothesis suggests that complex technologies like bows result from the accumulation of many, mostly small, well-understood improvements made across generations linked by cultural transmission 1,9,14.",Changed 'poorly understood' to 'well-understood' — fundamentally mischaracterizes the hypothesis; contradicts next sentence about 'absence of explicit understanding'
3,analytic_flexibility,model_selection_admission,2,Creates internal contradiction detectable within the paper,,"We fitted a linear model with “Speed” as the outcome variable, “Trial”, “Generation” as predictor variables and “Player’s identity” and “Chain’s identity” as random effects (see Supplementary Table 1 for model output).","We fitted a linear model with “Speed” as the outcome variable, “Trial”, “Generation” as predictor variables and “Player’s identity” and “Chain’s identity” as random effects (see Supplementary Table 1 for model output). The final model specification was selected after comparing several candidate mode","Added explicit model selection based on data fit, contradicting the pre-registration claim that 'analysis plan took place before any data were collected'"
3,attrition_missing_data,exclusion_criterion_removed,3,Speed=0 for non-descending wheels absent — must independently ask how failures were handled,,Wheels that did not go down were attributed a speed of 0.,,"Deleted specification that failed wheels got speed=0 — without this, reader can't evaluate if increasing speed reflects genuine optimization or just fewer failures"
4,statistical_errors,p_value_inconsistent,2,Chi-square(3)=8.74 gives p≈.033 not .003 — requires mental computation or lookup,,"there was a significant effect of episode type on use of sad words, 2(3)=8.74, p=.033.","there was a significant effect of episode type on use of sad words, 2(3)=8.74, p=.003.",Changed p from .033 to .003 — chi-square(3)=8.74 yields p~.033 not .003; makes marginal finding appear robust
4,methodological_design,comparison_condition_altered,2,Typical vs positive mood changes comparison gradient — must understand risk-level anchoring,,"two-week episode of positive mood (i.e., more positive mood than usual and no ideation or attempt).","two-week episode of typical mood (i.e., neither particularly positive nor negative mood and no ideation or attempt).","Changed positive mood to typical/neutral mood — compresses risk gradient, eliminates theoretical contrast between suicidal states and genuinely positive states"
4,construct_validity,construct_label_changed,2,Self-focus vs rumination — must know these are distinct constructs in suicidology,,we tested whether use of first-person pronouns (as an indicator of self-focus) was greater prior to suicide attempts,we tested whether use of first-person pronouns (as an indicator of rumination) was greater prior to suicide attempts,"Changed 'self-focus' to 'rumination' — different constructs (Baumeister escape theory vs Nolen-Hoeksema response styles); first-person pronouns index self-referential attention, not repetitive negative thinking"
4,causal_inference,temporal_logic_altered,2,Comparison conditions should have no temporal change expectation — must understand slope logic,,for episode types of lower suicide risk (for which there is no theoretical expectation of temporal change).,for episode types of lower suicide risk (for which there is also a theoretical expectation of temporal change).,Changed 'no expectation of temporal change' to 'also an expectation' — undermines the slope comparison logic; comparison conditions should be flat baselines
4,internal_consistency,iatrogenic_means_reversed,1,Means show increase (0.82→1.03) but text says 'decreased' — arithmetic contradiction,,"and desire to die from pre (M=0.82, SD=1.10) to post (M=0.61, SD=0.90) significantly decreased slightly, t(32)=2.23, p=.033.","and desire to die from pre (M=0.82, SD=1.10) to post (M=1.03, SD=0.90) significantly decreased slightly, t(32)=2.23, p=.033.",Changed post desire-to-die from 0.61 to 1.03 — means now show INCREASE while text says 'decreased'; safety-critical inconsistency in iatrogenic check
4,reporting_completeness,episode_window_inconsistent,2,Creates internal contradiction detectable within the paper,,using the two-week period prior to the attempt as a “suicide attempt episode”,using the one-week period prior to the attempt as a “suicide attempt episode”,Changed 'two-week' to 'one-week' in episode definition but all other references say 'two weeks' / '14 days' — cross-section inconsistency
4,generalizability,recruitment_source_hidden,3,University pool removed — must cross-reference with Table 1 demographics to notice,,A sample of 33 participants with at least one reported past suicide attempt were recruited from the University of Virginia Psychology Department’s participant pool and from the Charlottesville community.,A sample of 33 participants with at least one reported past suicide attempt were recruited from the Charlottesville community.,"Removed university participant pool source — hides that sample is mostly college students (94% 'some college', mean age 20.4), making findings appear more generalizable"
4,theoretical_conceptual,theory_mechanism_changed,3,Social support vs social engagement — subtle construct distinction,,"In theory, social support should combat such feelings and increase feelings of connectedness.","In theory, social engagement should combat such feelings and increase feelings of connectedness.",Changed 'social support' (perceived caring) to 'social engagement' (behavioral frequency) — collapses theory-operationalization gap that's a real limitation; message volume is weak proxy for perceived support
4,analytic_flexibility,random_effects_simplified,2,No random slopes with marginal p-values — must know Barr et al recommendations,,"Models with the full set of random slopes did not converge; therefore, only a by-participant slope of episode type was included in the final model.","Models with the full set of random slopes did not converge; therefore, no random slopes were included in the final model.",Removed all random slopes (kept only intercepts) — fails to account for participant variability in episode effects; inflates Type I error per Barr et al (2013); key p-values near .05 may become false positives
4,attrition_missing_data,missing_data_pattern_concealed,2,Claims all 27 had attempt data but only 15 did — must check if 27=27 makes sense given design,,"Among these 27 participants, 15 had data from at least one reported suicide attempt; the other 12 participants contributed data from non-suicide attempt episodes and were still included in the analyses.","Among these 27 participants, all had data from at least one reported suicide attempt.",Concealed that only 15/27 (56%) had attempt SMS data — hides selection bias in who contributes to the critical attempt vs non-attempt comparisons
5,statistical_errors,fisher_z_removed,3,Fisher z-transformation absent — must know this is required for meta-analytic pooling of r,,"The rma function converted effect size r to Fisher’s z for the calculations, and we converted z back to effect size r for reporting of results (Borenstein, et al., 2009).",,Deleted Fisher z-transformation step — meta-analysis on raw r is biased due to non-normal sampling distribution; reader can't verify computation was correct
5,methodological_design,sample_size_requirement_inconsistent,2,Creates internal contradiction detectable within the paper,,80 for the present study as this was the sample size in the original study,120 for the present study to ensure adequate statistical power,"Changed minimum N from 80 to 120, but Table 1 shows sites collected 80-90 participants — stated requirement not met"
5,construct_validity,centering_removed,3,Mean centering absent — must know this is needed for cross-study effect size comparison,,The composite self-esteem score was mean centered in accord with the Forest and Wood (2012) analysis.,,"Deleted mean-centering step — essential for matching original analysis and comparing effect sizes across replications; without centering, beta coefficients are non-comparable"
5,causal_inference,temporal_context_removed,2,Temporal context (2012 vs 2016) removed — must recognize historical change as alternative explanation,,"differences between the original and replication results might be related to changes in social media usage patterns from 2012 to 2016. By the time the replications occurred in 2016–17,",differences between the original and replication results might be related to variations in social media usage patterns across populations.,"Removed temporal framing (2012 vs 2016-17) — eliminates key alternative explanation that Facebook's social role changed historically, obscuring whether non-replication reflects fragile finding or genuine historical change"
5,internal_consistency,institutional_diversity_reduced,2,Claims urban/suburban only but Table 1 shows rural institutions — cross-reference needed,,"in urban, suburban, and rural settings in the eastern, Midwest, and western U.S.,","in urban and suburban settings in the eastern and western U.S.,",Removed 'rural' and 'Midwest' — contradicts actual institutional data in Table 1 (BYU-Idaho is rural); undermines generalizability argument
5,reporting_completeness,adaptation_detail_removed,3,Anderson & Maxwell adaptation detail removed — must know their method was for d not r,,We adapted the method to use effect size r to estimate 95% CIs for the difference in effect sizes for each of the replications compared with the original study (Anderson & Maxwe,We used the method to estimate 95% CIs for the difference in effect sizes for each of the replications compared with the original study (Anderson & Maxwe,Changed 'adapted the method to use effect size r' to 'used the method' — hides non-trivial adaptation of d-based method to r-family; reader can't evaluate validity
5,generalizability,exclusion_criterion_removed,2,Non-Facebook users included — must recognize this invalidates construct measurement,,Five participants who were not Facebook users were excluded from analyses.,,Deleted non-Facebook-user exclusion — including non-users invalidates construct measurement (rating a platform they don't use); biases effects toward zero
5,theoretical_conceptual,mechanism_caveat_removed,2,Mechanism measurement caveat removed — must distinguish pattern consistency from mechanism testing,,"However, the CREP studies did not include a measure of FTF vs. online anxiety, making this an interesting direction for future research.",,"Deleted caveat that anxiety mechanism was not measured — paper now overclaims support for social compensation theory when it only found a consistent pattern, not the proposed mechanism"
5,analytic_flexibility,model_selection_based_on_results,2,Creates internal contradiction detectable within the paper,,"We chose to use the restricted maximum likelihood (REML) model because it has been shown to exhibit less bias than the more commonly used DerSimonian and Laird (DL) model with small numbers of studies (Veroniki et al., 2016).","We compared restricted maximum likelihood (REML) and DerSimonian and Laird (DL) models and selected REML as it produced more interpretable heterogeneity estimates for our data (Veroniki et al., 2016).",Changed principled REML selection (less bias with small k) to post-hoc model selection based on 'more interpretable' results — explicit analytic flexibility
5,attrition_missing_data,missing_data_transparency_removed,3,Unknown missing data procedures acknowledged — must expect this transparency in multi-site studies,,"Contributors did not always post analysis scripts, so procedures to account for missing data are not known for all studies.",,Deleted acknowledgment that missing data procedures are unknown for some studies — reader assumes uniform data handling when it actually varied
6,statistical_errors,indirect_effect_formula_changed,2,a×d instead of a×b×d — must know serial mediation algebra,,"Here, the indirect effect was estimated by multiplying each stage in the serial mediation process (a × b × d).","Here, the indirect effect was estimated by multiplying the first and last stages in the serial mediation process (a × d).",Changed serial mediation formula from a*b*d (three paths) to a*d (two paths) — skips middle mediator link; estimate is wrong for serial mediation
6,methodological_design,autoregressive_control_removed,2,Autoregressive controls removed — must know these are essential for longitudinal mediation,,"This allowed us to assess stability over time by modeling the autocorrelations (AR1) between each variable and its prior occasions and the covariances between all variables (including controls) within each wave (Liu et al., 2016). Because it was impossible to account for same or other variable effec...","This allowed us to assess the covariances between all variables (including controls) within each wave (Liu et al., 2016). The subsequent waves were included for hypothesis testing (see Figure 1 for information what measurement period each variable in the model was taken from). This mediation approac...","Removed autoregressive modeling — AR controls are backbone of longitudinal mediation; without them, effects are confounded by stable between-person differences"
6,construct_validity,scale_items_changed,2,Different negative emotions change theoretical mechanism — must know discrete emotion theory,,"The scale items consisted of four negative emotions: (a) aversion, (b) disgust, (c) anger, (d) fear.","The scale items consisted of four negative emotions: (a) frustration, (b) irritability, (c) anger, (d) resentment.","Replaced discrete emotions (aversion, disgust, fear — high-arousal with specific appraisals) with irritation states (frustration, resentment) — different action tendencies and theoretical implications for incivility mechanism"
6,causal_inference,retribution_defense_removed,2,Retribution defense removed — must recognize dyadic retaliation as competing explanation,,"However, although we are not able to directly assess this for the current sample, we do not believe this is very likely due to the nature of the profession. Nurses frequently engage with patient handoffs (i.e., ""transfer of essential information and the responsibility for care of the patient from on...",,"Deleted entire retribution/reciprocity defense — patient handoff evidence, daily turnover rates, hospital stay data. Without this, simple dyadic retaliation explains findings without the proposed emotion/fatigue mechanism"
6,internal_consistency,exclusion_criterion_removed,1,Exclusion subcategories sum to 57 not 78 — arithmetic check,,"Responses were considered failed data quality checks if they had any of the following characteristics: (a) demographic information was not consistent across measurement periods (n = 56 people failed to provide reasonably consistent responses to tenure, gender, and/or age); (b) missing values exceede...","Responses were considered failed data quality checks if they had any of the following characteristics: (a) demographic information was not consistent across measurement periods (n = 56 people failed to provide reasonably consistent responses to tenure, gender, and/or age); or (b) missing values exce...","Removed collusion/duplicate exclusion criterion (n=21) — subcategory counts now sum to 57 not 78, contradicting reported n=78 excluded; also removes safeguard against repeat survey-takers"
6,reporting_completeness,cfa_comparisons_removed,2,CFA comparisons replaced with vague 'alternative models' — must know discriminant validity needs specifics given r>.80,,"and fit the data better than a three-factor model wherein both incivility measures were set to load onto the same factor (3) = 82.52, RMSEA = .09, CFI = .98, TLI = .98), a two-factor model wherein both incivility measures were loaded onto one factor and negative emotions towards patients and compass...",and fit the data better than alternative models with fewer factors.,"Removed specific CFA model comparisons — with correlations >.80 between key constructs, specific discriminant validity evidence is essential, not a formality"
6,generalizability,sample_verification_removed,2,Multi-layered verification removed — must know high-stakes care is theoretically essential,,"To help ensure that the participants were from high stakes and/or critical care contexts, we engaged in the following strategies: highlighted the high stakes/critical care focus in the recruitment and consent information; directly asked participants if they met the inclusion criteria; and included a...","To help ensure that the participants were from healthcare contexts, we highlighted the nursing focus in the recruitment and consent information and directly asked participants if they met the inclusion criteria.","Removed multi-layered sample verification (survey item, job title review, O*Net cross-validation) — changes from verified critical-care nurses to self-identified healthcare workers; theoretical framework depends on high-stakes care"
6,theoretical_conceptual,wrong_theoretical_framework,2,Creates internal contradiction detectable within the paper,,"the stressor-emotion model of counterproductive work behavior (Spector & Fox, 2005). This model considers how environmental stressors and an individual’s perception of them are related to negative emotions and, ultimately, counterproductive work behaviors (CWB), such as enacted incivility.","social learning theory (Bandura, 1977). This model considers how individuals learn behaviors through observation and modeling of others’ actions and their consequences, ultimately shaping counterproductive work behaviors (CWB), such as enacted incivility.","Replaced stressor-emotion model (emotional mediators) with social learning theory (observational learning) — but paper's mediators are negative emotions and compassion fatigue, not modeling/imitation"
6,analytic_flexibility,centering_removed,3,Grand-mean centering removed — must know this affects moderated mediation interpretation,,Predictors in the moderated mediation model were centered at their respective grand means.,,"Deleted grand-mean centering — affects interpretability of conditional effects, multicollinearity of interaction terms, and meaning of simple slopes in moderated mediation"
6,attrition_missing_data,missing_comparison_removed,3,Completer vs non-completer comparison removed — must expect this when moderator has 24% missing,,"However, a comparison of personal demographics and workplace characteristics did not find any significant differences between participants with and without missing values for perceived patient acuity.",,"Deleted the comparison of completers vs non-completers on patient acuity — this is the only evidence that 24% missingness on the moderator is non-systematic; without it, moderation results may be biased"
7,statistical_errors,bf_thresholds_collapsed,2,BF threshold categories collapsed — must know standard BF interpretation scales,,"Bayes Factors were interpreted as follows: BF < 0.1: strong evidence for the null hypothesis. 0.1 - 0.33: substantial evidence for the null hypothesis. 0.33 - 1: anecdotal evidence for the null hypothesis. 1 – 3: anecdotal evidence for the alternative hypothesis, 3 – 10: substantial evidence for the...","Bayes Factors were interpreted as follows: BF < 0.33: strong evidence for the null hypothesis. 0.33 - 1: substantial evidence for the null hypothesis. 1 – 3: anecdotal evidence for the alternative hypothesis, 3 – 10: substantial evidence for the alternative hypothesis, >10: strong evidence for the a...",Collapsed BF null thresholds — BF between 0.1-0.33 (substantial) now classified as 'strong' evidence for null; systematically inflates null conclusions throughout paper
7,methodological_design,interference_balance_removed,3,Interference display proportion matching absent — must understand balanced interference logic,,"Furthermore, it contained the same proportion of real and pseudo-letters as the memory display.",,"Removed requirement that interference display matches proportion of real/pseudo letters — unbalanced display could differentially strengthen real-letter representations, confounding expectation-based illusion account"
7,construct_validity,confidence_scale_changed,2,Binary confidence scale collapses moderate with high — must know confidence resolution matters for illusion claims,,"After selecting the target letter, participants indicated their confidence by clicking on one of four boxes (from 1-4, 1 = guess, 4 = certain).","After selecting the target letter, participants indicated their confidence by clicking on one of two boxes (from 1-2, 1 = guess, 2 = certain).",Changed 4-point to 2-point confidence scale — 'high confidence' now conflates moderate and high certainty; inflates high-confidence illusion rates with uncertain responses
7,causal_inference,temporal_inference_removed,2,Temporal inference sentence removed — but premise remains; must notice the logical chain is broken,,"Therefore, if the number of reported illusions increases as the retention interval increases, this is best explained by memory-related processes taking place during the retention interval, so during STM storage itself, and not in the perceptual or encoding process.",,Deleted the critical inferential sentence linking delay-dependent increase to memory (not perception) processes — severs the causal logic that makes the multi-delay design interpretable
7,internal_consistency,stopping_rule_changed,2,BF=6 stopping rule vs BF>10 'strong evidence' threshold — must cross-reference,,"Every other day of testing, the sequential analysis was run, and once the outcome crossed a BF of 10, testing would stop.","Every other day of testing, the sequential analysis was run, and once the outcome crossed a BF of 6, testing would stop.",Changed BF stopping threshold from 10 to 6 — inconsistent with paper's own 'strong evidence' threshold (>10); study would have stopped at merely 'substantial' evidence
7,reporting_completeness,response_bias_analysis_removed,2,Detailed response bias analysis replaced with vague dismissal — must recognize this was the key alternative explanation test,,"Yet another reason why illusory reports arise could be a response bias: Participant might just be more inclined to select real letters instead of pseudo-letters, since real letters are a well-known category. If the illusory reports are actually not illusions, but due to response bias, then the patte...","Yet another reason why illusory reports arise could be a response bias: Participant might just be more inclined to select real letters instead of pseudo-letters, since real letters are a well-known category. However, this is unlikely because the pattern of responses across conditions is consistent w...",Replaced entire empirical response bias analysis (confidence-by-error-type dissociation with percentages) with vague dismissal — removes the load-bearing alternative-explanation test
7,generalizability,implausible_stimulus_size,2,Creates internal contradiction detectable within the paper,,eight white rectangles (1.16◦ × 0.29◦ in size),eight white rectangles (0.05◦ × 0.01◦ in size),"Changed stimulus size from 1.16° to 0.05° — below visual acuity threshold, contradicts successful task performance reported in results"
7,theoretical_conceptual,ftt_prediction_reversed,2,FTT 'inhibit'→'facilitate' reverses prediction — must know FTT's actual prediction about similarity,,"However, FTT predicts that high similarity between a target and its mirrored counterpart should inhibit false memories","However, FTT predicts that high similarity between a target and its mirrored counterpart should facilitate false memories",Reversed FTT prediction from 'inhibit' to 'facilitate' — paper no longer differentiates its account from FTT; removes key theoretical contribution
7,analytic_flexibility,training_exclusion_justification_removed,3,Training exclusion dropped from Exps 2-4 without stated justification — must notice cross-experiment procedural change,,"Since only 10% of participants were excluded from participating in the main experiment based on the training scores, the training procedure was not part of Experiments 2, 3 and 4 in order to not make the overall time on task too long.",,Removed justification for dropping training/screening from Exps 2-4 — undisclosed procedural change; those experiments lack minimum-competence screening that Exp 1 had
7,attrition_missing_data,exclusion_count_concealed,1,23+5=28 doesn't equal stated N=40 — arithmetic contradiction,,resulted in an inclusion of 23 participants (17 participants were excluded),resulted in an inclusion of 23 participants (5 participants were excluded),Changed exclusions from 17 to 5 — hides 42.5% attrition rate (17/40); true rate raises concerns about selective retention of overconfident responders; 23+5=28 doesn't equal 40
8,statistical_errors,gpower_option_changed,3,G*Power menu option changed — must know specific G*Power interface options,,"The option used in G*Power was 'ANOVA: Repeated measures, within-between interaction'.","The option used in G*Power was 'ANOVA: Repeated measures, within-between'.",Removed 'interaction' from G*Power option — computes power for main effects test not the interaction that tests the core hypothesis
8,methodological_design,counterbalancing_removed,2,Counterbalancing removed — must know item confounds are fatal for within-subjects discussed/not-discussed comparison,,"In order to counterbalance the discussed details, 50% of the pairs will discuss different critical details than the other 50% of the pairs. For example, half the pairs will talk about Eric's cap color but without discussing his company logo (version A of the discussion), while the other pairs will d...","In order to ensure sufficient discussion, each pair will discuss the same set of four critical details during the collaborative recall phase. For example, all pairs will talk about Eric's cap color and his company logo.","Removed item counterbalancing — without it, discussed vs non-discussed comparison confounds item difficulty with experimental manipulation"
8,construct_validity,disputed_classification_removed,2,Disputed/non-disputed classification removed — must know not all discussed items contain misinformation,,"In addition, while scoring the individual memory test accuracy on the discussed questions (items containing misleading information), we will categorize participants’ answers into two groups: ""disputed"" and ""non-disputed"". More precisely, if a pair of participants disagreed with each other and gave d...","In addition, while scoring the individual memory test accuracy on the discussed questions (items containing misleading information), we will categorize all discussed items as having contained misinformation, as the collaborative recall procedure is designed to expose participants to their partner’s ...",Removed disputed/non-disputed classification — treats all discussed items as containing misinformation when some may not have; conflates delivered vs non-delivered misinformation
8,causal_inference,intervention_timing_reversed,2,Pre vs post misinformation intervention — must understand encoding vs retrieval distinction,,"we decided to place the methods inducing resistance to misinformation after the collaborative recall phase (that is, after exposing participants to misinformation). The main reason for that is that we wanted to make our research closer to real life settings. In reality, one rarely has a chance to do...","we decided to place the methods inducing resistance to misinformation before the collaborative recall phase (that is, before exposing participants to misinformation). The main reason for that is that we wanted to inoculate participants against the influence of misinformation before it could take eff...",Changed intervention from post- to pre-misinformation — tests encoding prevention instead of retrieval resistance; invalidates IMP theoretical framework which requires post-exposure placement
8,internal_consistency,directionality_changed,2,Directional tests but sample sizes match two-tailed — must verify power calculation assumptions,,Comparisons among all groups and non-directional significance tests are assumed.,Comparisons among all groups and directional significance tests are assumed.,"Changed 'non-directional' to 'directional' — reported sample sizes (492, 82, 34) are for two-tailed tests; one-tailed would need smaller N, creating inconsistency"
8,reporting_completeness,hypothesis_awareness_exclusion_removed,2,Hypothesis awareness exclusion removed — must know this is critical in deception paradigms,,"Next, the subjects will be requested to say what they think the real purpose of the study was. If any of the participants correctly guesses our hypotheses, they will be excluded from the analysis and replaced with another person in order to maintain the correct sample size. We realize that this may ...","Next, the subjects will be requested to say what they think the real purpose of the study was. Their responses will be recorded for exploratory analysis of any relationship between hypothesis awareness and performance.",Removed pre-registered exclusion of hypothesis-aware participants — critical safeguard in deception paradigm; also removed acknowledgment of differential exclusion risk
8,generalizability,age_matching_removed,3,Within-pair age matching removed — must know authority dynamics in memory conformity,,"In addition, the age of the participants in each pair will be matched as far as possible.",,Removed within-pair age matching — age differences activate authority/deference dynamics that inflate conformity through social influence rather than informational influence
8,theoretical_conceptual,normative_influence_caveat_removed,2,'Completely ruled out' vs 'has little use' — must recognize experimenter-awareness caveat was theoretically important,,"we assumed that the normative impact explanation of the memory conformity effect has little use in this study: participants work on their own and do not compare their answers with anybody, therefore there is little cost of disagreeing (although it is still possible that some pressure exists as the p...","we assumed that the normative impact explanation of the memory conformity effect is completely ruled out in this study: participants work on their own and do not compare their answers with anybody, therefore there is no cost of disagreeing.",Changed 'has little use' to 'completely ruled out' and removed experimenter-awareness caveat — overclaims mechanism specificity
8,analytic_flexibility,test_format_changed,2,Open-ended→forced-choice changes baseline conformity rate and scoring categories — must know format matters,,"In the present research, the individual memory test will be in the form of open-ended questions.","In the present research, the individual memory test will also use the two-alternative forced-choice format.","Changed from open-ended to forced-choice — inflates conformity rates (50% guessing baseline vs much lower); scoring categories (correct, misinformation, other) don't make sense with forced-choice"
8,attrition_missing_data,exposure_exclusion_removed,2,Co-witness exposure exclusion removed — must know non-exposed participants dilute the effect,,"In addition, participants who are not exposed to co-witness details at all (that is, the participants who did not hear any potentially misleading information from the partner) will be excluded from the analyses.",,Removed exclusion of non-exposed participants — including those who received zero misinformation dilutes the conformity effect and biases against finding both the basic effect and intervention benefit
9,statistical_errors,sesoi_inflated,2,"SESOI=.27 is the largest observed effect, not smallest — must cross-reference with reported effect sizes",,with an equivalence region based on the smallest effect size of interest (SESOI) of δ= .11.,with an equivalence region based on the smallest effect size of interest (SESOI) of δ= .27.,"Changed SESOI from .11 to .27 (the LARGEST observed effect, not smallest) — makes equivalence tests trivially easy; biases toward confirming moral incongruence is unique to pornography"
9,methodological_design,standardization_removed,2,Items on different scales averaged without standardizing — must notice 0-5 vs 0/3/6 scales,,"Responses to each of the above five items will be standardized, and an average will be taken for each substance of interest",Responses to each of the above five items will be averaged for each substance of interest,"Removed standardization before averaging — items use different scales (0-5 vs 0/3/6); raw averaging lets larger-scale items dominate composite, creating measurement artifact"
9,construct_validity,construct_definition_changed,2,'Severity of consequences' conflates moral incongruence with genuine addiction — must understand the construct definition,,Central to the proposed study is the measurement of moral incongruence as the interaction of moral disapproval of a behavior with frequency of engaging in the action.,Central to the proposed study is the measurement of moral incongruence as the interaction of moral disapproval of a behavior with severity of consequences from the action.,"Changed 'frequency of engaging' to 'severity of consequences' — transforms moral incongruence (behavior-value mismatch) into moralized distress about real problems, conflating it with the alternative explanation"
9,causal_inference,causal_limitation_weakened,2,'Limits temporal ordering' is weaker than 'precludes causal inference' — must know the distinction matters,,"This sample is cross-sectional, precluding causal inference.","This sample is cross-sectional, which limits the temporal ordering of variables.",Changed 'precluding causal inference' to 'limits temporal ordering' — leaves room for causal interpretation when cross-sectional data fundamentally cannot establish causation
9,internal_consistency,analysis_count_inconsistent,1,Says 8 analyses but earlier lists 10 corresponding to 8 behaviors + 2 parallel measures — countable,,"In total, we will conduct 10 moderation analyses for moral disapproval and frequency, corresponding to the 8 target behaviors/variables of interest, with pornography and gambling repeated for both the NIDA-ASSIST measure and the validate measures of problematic use (the Brief Pornography Screen and ...","In total, we will conduct 8 moderation analyses for moral disapproval and frequency, corresponding to the 8 target behaviors/variables of interest, with pornography and gambling assessed using the validate measures of problematic use (the Brief Pornography Screen and the Problem Gambling Severity In...","Changed from 10 to 8 analyses, removing parallel NIDA-ASSIST analyses for pornography/gambling — eliminates the measurement-equivalence check essential for fair cross-behavior comparison"
9,reporting_completeness,sensitivity_analysis_removed,3,DWLS sensitivity analysis removed — must know OLS may fail for ordinal addiction measures,,"Similar to prior works (Grubbs, Lee, et al., 2020), should basic assumptions of regression be violated substantially, we will construct latent variable models using the lavaan package (Rosseel, 2012) for R Statistical Software, using diagonally weighted least squares estimation, as such an estimator...",,Deleted entire planned DWLS latent variable sensitivity analysis — removes backup for when OLS assumptions fail (likely for ordinal/skewed addiction measures)
9,generalizability,matching_criteria_reduced,2,"Only age/gender matching — must know moral attitudes vary by race, income, region",,"the target sample size will be 2,500 American adults that match nationally representative norms for age, gender, census region, race/ethnicity, and income.","the target sample size will be 2,500 American adults that match nationally representative norms for age and gender.","Removed census region, race/ethnicity, and income from quota-matching — dramatically weakens representativeness; these variables correlate with moral attitudes and substance use"
9,theoretical_conceptual,moderator_roles_swapped,2,Moderator/predictor roles swapped — must know statistical symmetry ≠ conceptual symmetry,,"In this revised definition, moral disapproval moderates links between use and self-reported feelings of addiction, and it is this moderation that represents moral incongruence.","In this revised definition, use frequency moderates links between moral disapproval and self-reported feelings of addiction, and it is this moderation that represents moral incongruence.","Swapped moderator and focal predictor — though statistically symmetric, conceptually different: PPMI says disapproval changes the use-addiction link, not that use changes the disapproval-addiction link"
9,analytic_flexibility,centering_removed,2,Raw variables in moderation — must know centering affects interaction interpretability,,"For moderation analyses, key variables will be centered (focal predictor and moderator) during data processing in SPSS, and their product will be computed.","For moderation analyses, key variables will be entered in their raw form during data processing in SPSS, and their product will be computed.",Removed centering — main effects evaluated at raw zero (outside scale range for 1-7 disapproval scale); inflates multicollinearity with interaction term
9,attrition_missing_data,inclusion_restriction_removed,2,Non-users included — must understand floor effects make interaction meaningless,,"For each target behavior and corresponding measure of problematic use or addiction, key measures will be restricted to those who have engaged in the behavior within the past year. That is, we will only administer measures of problematic use and moral disapproval to participants who report engaging i...","For each target behavior and corresponding measure of problematic use or addiction, key measures will be administered to all participants regardless of their engagement in the behavior. That is, we will administer measures of problematic use and moral disapproval to all participants in the sample.","Removed restriction to behavior-engagers — includes non-users who have zero frequency AND zero problems, creating massive floor effects that trivially inflate frequency-addiction correlations"
10,statistical_errors,random_effect_removed,2,Random suffix intercept removed — must know language-as-fixed-effect fallacy,,"We included two random intercepts, one for subjects and one for suffixes. This analysis was expressed in the model glmer (response ~ condition + (1|subject) + (1|suffix), data, family = ""binomial"").","We included a random intercept for subjects. This analysis was expressed in the model glmer (response ~ condition + (1|subject), data, family = ""binomial"").","Removed random intercept for suffixes — 'language as fixed effect fallacy' (Clark, 1973); ignores suffix-level clustering, inflating Type I error"
10,methodological_design,counterbalancing_removed,2,Counterbalancing removed — must know item confounds are fatal without Latin square,,We used two experimental lists to counterbalance the assignment of nonwords to the congruent/incongruent conditions across participants (List 1 is presented in Appendix D).  This counterbalancing procedure helps to ensure that any effects of the congruency variable are not the result of important it...,List 1 is presented in Appendix D.,"Removed Latin-square counterbalancing — without it, item properties are perfectly confounded with condition in within-subject design"
10,construct_validity,diagnosticity_formula_changed,1,Formula now computes P(suffix|category) not P(category|suffix) — denominator mismatch with definition,,"For a particular suffix, type diagnosticity is calculated by dividing the number of words ending in this suffix and falling into this category by the total number of words that contain the suffix.","For a particular suffix, type diagnosticity is calculated by dividing the number of words ending in this suffix and falling into this category by the total number of words falling into this category.","Changed denominator from P(category|suffix) to P(suffix|category) — this IS specificity, not diagnosticity; collapses the paper's central theoretical distinction"
10,causal_inference,confound_check_removed,2,Confound check for pre-target word count removed — must know this imbalance was acknowledged earlier,,"To check if these effects could be explained by a difference in the number of words pre-target (more words pre-target in incongruent contexts than in congruent ones), we added the interaction of this number with the congruency variable to the corresponding linear mixed models. The addition of extra ...",These results therefore suggest that the category information conveyed by suffix spelling is used during sentence integration processes.,Deleted entire pre-target word count confound check — the paper acknowledged this confound (significant p<.05 condition difference) and explicitly ruled it out; now the confound is unaddressed
10,internal_consistency,inclusion_exclusion_contradicted,1,'Balanced across three categories' but next sentence says fillers not analyzed — adjacent contradiction,,Forty filler nonwords whose suffix spellings were diagnostic for verbs were added so that sentence contexts would be more varied.,Forty filler nonwords whose suffix spellings were diagnostic for verbs were added so that sentence contexts would be balanced across all three lexical categories.,Changed 'more varied' to 'balanced across all three categories' — contradicted by next sentence (fillers not analyzed due to low diagnosticity) and actual numbers (80 experimental vs 40 filler = not balanced)
10,reporting_completeness,viewing_distance_inconsistent,2,Creates internal contradiction detectable within the paper,,Participants were seated at a viewing distance of 70cm,Participants were seated at a viewing distance of 140cm,Changed viewing distance from 70cm to 140cm but character width still reported as 0.3° — geometry inconsistent (should be ~0.15° at 140cm)
10,generalizability,screening_criteria_removed,3,Native speaker and no-learning-difficulties screening removed — must know these are essential for morphological sensitivity,,"They were native English speakers with no history of reading, spelling, or learning difficulties.",,"Removed native speaker and no-learning-difficulties screening — non-native speakers and dyslexic participants would have different suffix-category sensitivity, adding noise and potentially attenuating effects"
10,theoretical_conceptual,task_predictions_swapped,1,"Diagnosticity→spelling and specificity→reading, but experiments show opposite — inverts entire logic",,"That is, we hypothesise that diagnosticity, a measure of spelling-to-meaning consistency, would impact on tasks that involve the mapping of print to meaning (i.e. semantic categorisation, reading), while specificity, a measure of meaning-to-spelling consistency, would impact on spelling behaviour.","That is, we hypothesise that diagnosticity, a measure of spelling-to-meaning consistency, would impact on tasks that involve the production of spelling, while specificity, a measure of meaning-to-spelling consistency, would impact on tasks involving the mapping of print to meaning (i.e. semantic cat...","Swapped diagnosticity/specificity task predictions — diagnosticity should predict reading, specificity should predict spelling; reversed mapping inverts the entire experimental logic"
10,analytic_flexibility,frequency_weighting_removed,3,Frequency weighting removed from entropy regression — must understand rare suffixes dominate unweighted,,"We then examined the slope of the regression equation lm(Hspelling ~ Hphonology, weights = suffix frequency).",We then examined the slope of the regression equation lm(Hspelling ~ Hphonology).,Removed frequency weighting from entropy regression — rare suffixes with extreme values now dominate equally; finding that spelling > phonology may not hold unweighted
10,attrition_missing_data,fixation_cutoff_changed,3,800ms vs 1500ms fixation cutoff — must know this asymmetrically trims the condition with longer fixations,,as were any remaining fixations of less than 80 ms or more than 1500 ms duration.,as were any remaining fixations of less than 80 ms or more than 800 ms duration.,Changed upper fixation cutoff from 1500ms to 800ms — asymmetrically trims long fixations from incongruent condition (which has longer processing); attenuates the congruency effect
